roc_auc_mean,roc_auc_std,pr_auc_mean,pr_auc_std
0.7932589235482836,0.003114475871361312,0.772348073960357,0.003976217031305907
