roc_auc_mean,roc_auc_std,pr_auc_mean,pr_auc_std
0.7979927981030872,0.003326644012151488,0.7788048373817621,0.004127064229012105
